類別,商品編號,商品名稱,單位,銷售數量,實銷金額
小點類,01001,生豆包,份,2843.0,51066.0
小點類,01002,百頁豆腐,份,1681.0,41975.0
小點類,01004,大豆干(黑),份,2889.0,34608.0
小點類,01005,小豆干,份,1983.0,15856.0
小點類,01006,米血,份,1963.0,23520.0
小點類,01007,大豆皮,份,2235.0,55850.0
小點類,01012,龍蝦沙拉,顆,975.0,9730.0
小點類,01013,德式香腸,顆,508.0,14732.0
小點類,01027,角羅,份,589.0,11760.0
小點類,01032,海帶,份,2723.0,32652.0
小點類,01033,鳥蛋,顆,4583.0,22905.0
小點類,01035,滷蛋,顆,1835.0,27465.0
蔬菜類,02001,高麗菜,份,143.0,4290.0
蔬菜類,02002,花椰菜,份,837.0,20900.0
蔬菜類,02005,大陸妹,份,42.0,1260.0
蔬菜類,02009,金針菇,份,94.0,2820.0
蔬菜類,02011,白蘿蔔,份,1147.0,17190.0
蔬菜類,02013,玉米筍,份,973.0,24250.0
蔬菜類,02018,青江菜,份,21.0,630.0
蔬菜類,02020,水蓮,份,1869.0,46650.0
蔬菜類,02023,娃娃菜,份,1100.0,27450.0
蔬菜類,02025,櫛瓜,份,694.0,24290.0
肉類,03002,無骨大雞腿,份,261.0,20540.0
肉類,03003,鴨胗,份,901.0,22525.0
肉類,03004,鴨肝,份,687.0,10305.0
肉類,03005,鴨心,顆,1510.0,15100.0
肉類,03006,生腸,份,283.0,5660.0
肉類,03007,脆腸,份,156.0,3900.0
肉類,03008,氣球,份,104.0,2600.0
肉類,03010,豬脆管,份,470.0,11700.0
肉類,03016,豬皮,份,1010.0,20160.0
肉類,03017,豬耳朵,份,1504.0,30060.0
肉類,03018,豬頭皮,份,537.0,10680.0
秤重肉類,04000,秤重肉類(每公克1元),克,186434.0,186245.0
秤重肉類,04001,菊花肉,份,2386.0,0.0
秤重肉類,04002,豬肥腸,份,1001.0,0.0
秤重肉類,04004,豬腳筋,份,717.0,0.0
秤重肉類,04005,肝連,份,1285.0,0.0
秤重肉類,04007,腱子肉,份,1267.0,0.0
秤重肉類,04009,月亮軟骨,份,749.0,0.0
麵類,01010,老油條,份,1069.0,32070.0
麵類,05003,王子麵,份,2897.0,43425.0
麵類,05005,祖傳麻醬麵,份,1538.0,53690.0
麵類,05006,丹瓦潑辣麵,份,1683.0,67240.0
麵類,05010,椒點香麻麵,份,341.0,18700.0
麵類,05011,油蔥香拌麵,份,1765.0,88200.0
手工類,06001,四川麻辣丸,份,321.0,6400.0
手工類,06002,嚴選鴨肉丸3顆,份,1012.0,18198.0
手工類,06003,手工虱目魚捲,份,183.0,7137.0
手工類,06004,香菇功夫丸,份,491.0,7350.0
手工類,06006,手工甜不辣,顆,1847.0,27645.0
茶飲,07001,沁露四季春,杯,308.0,13770.0
茶飲,07002,丹瓦紅茶,杯,474.0,18840.0
茶飲,07003,蕎麥拿鐵,杯,44.0,3080.0
茶飲,07004,青檸冬瓜,杯,227.0,12365.0
茶飲,07005,瓦焙厚奶茶,杯,238.0,12970.0
茶飲,07006,冬瓜拿鐵,杯,89.0,5720.0
茶飲,07007,紅茶拿鐵,杯,287.0,18590.0
茶飲,07008,鐵觀音粉粿奶茶,杯,41.0,3075.0
茶飲,07009,厚焙鐵觀音,杯,66.0,2970.0
茶飲,07010,厚焙鐵觀音奶茶,杯,182.0,10920.0
茶飲,07011,黃金蕎麥,杯,215.0,9540.0
茶飲,07013,黃金蕎麥奶茶,杯,118.0,6960.0
茶飲,07015,鐵觀音拿鐵,杯,83.0,5810.0
茶飲,07018,黃金粉粿喬麥,杯,172.0,10260.0
茶飲,07019,黃金粉粿厚奶茶,杯,59.0,4130.0
茶飲,07020,黃金粉粿蕎麥奶茶,杯,341.0,25125.0
茶飲,07022,冬瓜鐵觀音,杯,152.0,7550.0
茶飲,07024,青檸四季春,杯,376.0,20625.0
茶飲,07025,桂花四季春,杯,194.0,10670.0
茶飲,07026,桂花蕎麥,杯,81.0,4455.0
茶飲,07027,青檸蜜茶,杯,261.0,14300.0
茶飲,07029,雪綿輕熟烏龍,杯,51.0,3825.0
茶飲,07031,輕熟烏龍,杯,65.0,3200.0
茶飲,07033,雪綿厚焙鐵觀音,杯,94.0,6580.0
茶飲,07034,雪綿黃金蕎麥,杯,36.0,2520.0
茶飲,07035,雪綿丹瓦紅茶,杯,81.0,5265.0
茶飲,07036,雪綿四季春,杯,30.0,2030.0
茶飲,07038,波霸紅茶,杯,136.0,6790.0
茶飲,07039,波霸四季春,杯,148.0,8030.0
茶飲,07040,波霸奶茶,杯,659.0,42506.5
茶飲,07041,波霸鐵觀音奶茶,杯,317.0,21980.0
茶飲,07042,波霸烏龍奶茶,杯,53.0,3900.0
茶飲,07043,波霸紅茶拿鐵,杯,292.0,21900.0
茶飲,07046,烏龍拿鐵,杯,42.0,3075.0
茶飲,07047,波霸烏龍拿鐵,杯,32.0,2635.0
秤重蔬菜,V1001,蔬菜(每公克0.3元),克,839168.0,251452.5
秤重蔬菜,V1002,高麗菜,份,5810.0,0.0
秤重蔬菜,V1003,青江菜,份,869.0,0.0
秤重蔬菜,V1004,大陸妹,份,1496.0,0.0
秤重蔬菜,V1005,奶油白菜,份,1437.0,0.0
秤重蔬菜,V1006,菠菜,份,1012.0,0.0
秤重蔬菜,V1007,A菜,份,124.0,0.0
秤重蔬菜,V1008,小白菜,份,717.0,0.0
秤重蔬菜,V1009,空心菜,份,1392.0,0.0
秤重蔬菜,V1010,地瓜葉,份,1083.0,0.0
秤重蔬菜,V1011,杏菜,份,57.0,0.0
秤重蔬菜,V1012,油菜,份,55.0,0.0
秤重蔬菜,V1013,尼龍菜,份,100.0,0.0
秤重蔬菜,V2001,香菇,份,1133.0,0.0
秤重蔬菜,V2002,杏鮑菇,份,794.0,0.0
秤重蔬菜,V2003,袖珍菇,份,999.0,0.0
秤重蔬菜,V2005,金針菇,份,2404.0,0.0
秤重蔬菜,V2006,川耳,份,924.0,0.0
功夫菜,09001,黃金炸翅刀(梅醬),份,860.0,83744.0
功夫菜,09002,黃金炸翅刀(瓦製辣醬),份,754.0,73062.0
功夫菜,09003,經典炸脆薯,份,218.0,18020.0
功夫菜,09005,醋溜炸脆肉(川味),份,177.0,17325.0
功夫菜,09007,醋溜炸脆肉(椒鹽),份,517.0,50480.0
功夫菜,09008,黃金炸翅刀,份,14.0,1089.0
功夫菜,09011,醋溜炸脆肉,份,3.0,297.0
調味,10002,不要蔥,份,21.0,0.0
調味,10003,不要酸菜,份,31.0,0.0
調味,10005,不要醬,份,5.0,0.0
外帶肉類,11003,鴨胗,份,29.0,725.0
外帶肉類,11004,鴨肝,份,19.0,285.0
外帶肉類,11005,鴨心,顆,36.0,360.0
外帶肉類,11006,豬頭皮,份,46.0,920.0
外帶肉類,11007,豬肥腸,份,47.0,1880.0
外帶肉類,11009,豬耳朵,份,61.0,1220.0
外帶肉類,11010,豬皮,份,47.0,940.0
外帶肉類,11013,腱子肉,份,99.0,3960.0
外帶肉類,11014,豬脆管,份,18.0,450.0
外帶肉類,11015,菊花肉,份,52.0,2080.0
外帶肉類,11017,脆腸,份,16.0,400.0
外帶肉類,11018,氣球,份,13.0,325.0
外帶肉類,11019,肝連,份,45.0,1800.0
外帶肉類,11020,生腸,份,9.0,180.0
外帶肉類,11021,無骨大雞腿,份,4.0,316.0
套餐,01034,任選三入20元,份,2116.0,42300.0
套餐子項,13001,黃金魚蛋,份,1421.0,0.0
套餐子項,13002,魚餃,份,1456.0,0.0
套餐子項,13006,小蟹腿,份,2373.0,0.0
套餐子項,13008,韓式魚板,份,1079.0,0.0
套餐子項,U08002,黃金魚蛋,份,4.0,0.0
套餐子項,U08003,魚餃,份,4.0,0.0
套餐子項,U08006,小蟹腿,份,5.0,0.0
套餐子項,U08008,韓式魚板,份,5.0,0.0
餐費,14001,餐費,份,296.0,296.0
特製餐點,16002,分2桶,份,597.0,0.0
特製餐點,16003,分3桶,份,57.0,0.0
特製餐點,16004,分4桶,份,11.0,0.0
精選肉類,U01001,菊花肉,份,4.0,200.0
精選肉類,U01002,豬脆管,份,2.0,70.0
精選肉類,U01003,鴨肝,份,3.0,60.0
精選肉類,U01005,豬頭皮,份,1.0,35.0
精選肉類,U01007,豬耳朵,份,6.0,210.0
精選肉類,U01009,脆腸,份,2.0,60.0
精選肉類,U01010,腱子肉,份,3.0,105.0
精選肉類,U01011,肝連,份,4.0,140.0
精選肉類,U01012,肥腸,份,4.0,180.0
精選肉類,U01013,鴨胗,份,1.0,35.0
精選肉類,U01014,鴨心,顆,1.0,15.0
綜合好料,U02001,鳥蛋,份,20.0,160.0
綜合好料,U02003,小豆干(黃）,份,6.0,90.0
綜合好料,U02005,米血,份,9.0,135.0
綜合好料,U02008,海帶,份,11.0,165.0
綜合好料,U02010,龍蝦沙拉,份,1.0,20.0
綜合好料,U02012,大豆干(黑),份,10.0,180.0
綜合好料,U02014,滷蛋,份,2.0,40.0
綜合好料,U02016,百頁豆腐,份,4.0,120.0
家常蔬菜,U03001,川耳,份,2.0,40.0
家常蔬菜,U03002,香菇,份,5.0,125.0
家常蔬菜,U03005,水蓮,份,9.0,270.0
家常蔬菜,U03009,大陸妹,份,4.0,120.0
家常蔬菜,U03010,玉米筍,份,3.0,87.0
家常蔬菜,U03013,青江菜,份,3.0,87.0
家常蔬菜,U03014,高麗菜,份,7.0,210.0
家常蔬菜,U03015,秀珍菇,份,1.0,25.0
家常蔬菜,U03016,金針菇,份,3.0,75.0
家常蔬菜,U03021,娃娃菜,份,6.0,210.0
嚴選手作,U04001,手工甜不辣,份,6.0,120.0
嚴選手作,U04002,四川麻辣丸,份,2.0,40.0
嚴選手作,U04003,鴨肉丸(3顆一份),份,7.0,175.0
嚴選手作,U04006,嚴選虱目魚捲,份,1.0,55.0
圈樓煮麵,U05001,祖傳麻醬麵,份,8.0,440.0
圈樓煮麵,U05002,丹瓦潑辣麵,份,8.0,472.0
圈樓煮麵,U05003,王子麵,份,8.0,160.0
丹瓦調飲,U06002,青檸冬瓜,份,1.0,59.0
丹瓦調飲,U06003,瓦焙紅茶,份,1.0,49.0
丹瓦調飲,U06005,瓦焙厚奶茶,份,4.0,236.0
丹瓦調飲,U06006,冬瓜拿鐵,份,2.0,150.0
丹瓦調飲,U06007,紅茶拿鐵,份,4.0,300.0
丹瓦調飲,U06009,厚焙鐵觀音奶茶,份,2.0,150.0
好料組合區,U07002,任選三樣39元,份,6.0,234.0
強檔必點,U10001,醋溜炸脆肉(椒鹽),份,3.0,417.0
強檔必點,U10002,醋溜炸脆肉(川味),份,2.0,278.0
強檔必點,U10004,梅醬黃金炸翅刀,份,5.0,750.0
強檔必點,U10005,瓦製辣醬黃金翅刀,份,1.0,150.0
