評論者名稱,評論時間,評論星級,評論內容,評論圖片,評論者個人資料URL
na an,3 個月前,4,大學生必來的夜宵滷味店！以海安路的行情，這裡滷味價位算很ok ，尤其是飲料很大一杯，平均40~60扣扣而已，滷味份量也很多、尤其王子麵必點！不用沾醬就很好吃；但店內人潮熱絡、想吃的饕客得提前現場抽號碼牌，目前無訂位服務喔！,"[""https://lh3.googleusercontent.com/grass-cs/ANxoTn1dt_bgDtWEzP1aWMZFSZdfg1yclKSh-vaSSPjCaERFHxdV9EtR-odRXtjyNs3_Z0QXRmmsZ1ZhT-9IO7oljUKK4qxRyCK1Iy2lWMUo7p0P0UcMVx6vu2txYOujQ4CoIdLX1cDgCIrlsp8C=s196-p-k-rw"",""https://lh3.googleusercontent.com/grass-cs/ANxoTn3d0rZQ7piF5J-tmt4lNrfwq1YI26JLnE8oZtHFV17l9v8E2YCxHdV0_XnTKU1xkESzA58LdnwHqTDhRNDe2GJl9tbzNe-1QqpvWDsYI9pJBCRABR-nXJTtxQopB82RknJY34XvDN8BHzsx=s196-p-k-rw"",""https://lh3.googleusercontent.com/grass-cs/ANxoTn2UtYZe8jyWPPh9h-yZcpEpbIlkmggUyq0VRb9CujOEf_JsCA5FzHUfqNAQlOkU50XRBXW1Pt4ut58O4uGnlgG57EC8SapfABiXRQmvscTOs9VXp024mkiwby__msBGmHpoFEl_xkWPR4o=s196-p-k-rw"",""https://lh3.googleusercontent.com/grass-cs/ANxoTn0SNpiTIc92vuMQbm-DTYscbbttVxAolHLwSKiaIMEDXTvu5WQWL_LdpBrMLl9UX3OFuqoMp0JAYJ9fOhMqkzhO9gNzDi5cN76bc2O7Ys0qH7Da6GBjrSWNJN2EuKB4-fgV9LZ9vz7vh47G=s196-p-k-rw"",""https://lh3.googleusercontent.com/grass-cs/ANxoTn31v99820Ft1teeRGyQkwWqjGQWZNhvGaHt5lx_kKDFHWxY80qlqRC-aW-2tSjMTem00hFsolJRxhoHKOXXbsv-TrK0eCGdK3y6vIGPdDgFQ5d87M17ojfOzkM-kgehbYEXZgnoSTZlGfB6=s196-p-k-rw"",""https://lh3.googleusercontent.com/grass-cs/ANxoTn06Ts0ZQ0bUd14f4YPwtql8-e0qXB_Vwdy9F-W3HDq9gkE-UE02ZdpIq2iZZlaGegK07uwngurx57eLpn4xa7jGk8-DYKYV5FpG1FA4Y8Qoue9gW75TCI9Tp53E2lPq_FTAe8Ltr5gs0oby=s196-p-k-rw"",""https://lh3.googleusercontent.com/grass-cs/ANxoTn19E3I7xLWIdxEI_o0IpFnOJq1sd3q3Su417hPElTqIiuSNg1dEOFc_DkUDBmOJBaSlwDr4DIFcZ8gxFVvWJodOrpkHyWdbyovSVz4boSXH-7ma0_rVjh34dIJ3Tyys-hRjOegojjAzWnI=s196-p-k-rw"",""https://lh3.googleusercontent.com/grass-cs/ANxoTn0ZJm20sKPnJzw-kYW9ISlKRvlQygHj9Zmj43oTCH3D6jSfGFfp6JcqFCH2rabQ8pruDhnnk691NT1ft1meWjSua732J8Trq7_A1nMQ8fZaZwSMup3muPf-NaR1dsVcZJ36aZfT1F1TT0WL=s196-p-k-rw"",""https://lh3.googleusercontent.com/grass-cs/ANxoTn1qDzFDe7YW4ws1SgdbpFTO9j__5SIKtG1vUXySPF9klVFd6S8PhPX7l2z-d5s_mpdyvBSZVmOyLiITowD7soYT1vbIE3A08HedBZQUu5PP3GnozjpbvYu88fUopjsndfdehBWrQTLdx1z-=s196-p-k-rw"",""https://lh3.googleusercontent.com/grass-cs/ANxoTn3xFr63gTxL71yw-1kUi9xvY0juGA6HI56qDA1cIJC2AruCZ7WPi7MPwO8IHM4Ka0CGUVcKycyJlptfX8zTbaI9VYOySDDDpn-0OXPKLhY9uIfze3BTLwOXfJ6etd-nK-MR-_b2-1vjUok=s196-p-k-rw"",""https://lh3.googleusercontent.com/grass-cs/ANxoTn2Cp8RLNsYqbCVcDWNBayxKYqifprNTM2wlI9O9L7KRMGt9gcxqp6IbijY0W6g-v2rNdorzz-y7f2dz77VVUhcW_NSwtXm1XGSpODHDeczsMbp7TolBk7H4kFmVj4xpU5rRYwTlDp831Mwt=s196-p-k-rw"",""https://lh3.googleusercontent.com/grass-cs/ANxoTn2mLr1gqZXfHDJD8Ozg-O-jPyiU6w7OYmzLn6nQzC3sHxE6zueRDjHtrJwB90mpS5MpVAKS2lpfFZZ1LxqG8XN_qjYotha3e_FunvFXI6QdMVSqEGc2gPMzU3rqwty8foTFvrj7JkKe7-rp=s196-p-k-rw"",""https://lh3.googleusercontent.com/grass-cs/ANxoTn3hmly28GunoLSk10B8QYnQbYrEk6veKtdUwa1zWkvLMplYaKX_4PrqpcgWMniB088zwCJ0b0TAd2NjUv6INo5at9nYvP7YwKeYd1Q57L-ykEaqpVpvgw9RrTEBDwxH_XgvnW_jR7fE8Whz=s196-p-k-rw"",""https://lh3.googleusercontent.com/grass-cs/ANxoTn0ubg-mngVBoqpjJ4kuj8kG7wZ7beteUfw6qUORJmHC2lELCOnLr1mvEUkfF01j6Pvjv5rYbjspYam-E3IEv_dHgw4ZwG1IZIVPcvWQ8gbef6MQyqRP1Bro2ENXtMPFzbH8tR-dd8dTe8I=s196-p-k-rw""]",https://www.google.com/maps/contrib/102367304254644746281/reviews?hl=zh-Hant-TW
郁婷Abby,5 個月前,5,很滿意它們的炸翅刀、炸脆肉都很好吃但要求cp值的話,"[""https://lh3.googleusercontent.com/grass-cs/ANxoTn3RZHCNXya-AWzAuKe9FKP8KlZcZX8MPOvq0hRXLklkjWmvRqxIQmnvmxU1V0dn6ZxcR1Msqi6Y5jOhdyTsHQLUegM0q8o-aB6StWz6YXuxKy0_w3i66kAg7KM4ijJYYlzgxIn1me56wPE=s196-p-k-rw"",""https://lh3.googleusercontent.com/grass-cs/ANxoTn2xsWQq9NPCDX4-OWOiA0hldEgTWbWPXKMwnwQve7prs0jGLG9wgCjKiOwe3_TWVAdiEXdWBqjZFin4DllgyXh9az5wKt7UjDaQJqLM1eTY9e_WEzXUd0hU-NM8_MneHHuZ3vKLqKWheaEm=s196-p-k-rw"",""https://lh3.googleusercontent.com/grass-cs/ANxoTn3paOIGv8olTmqybkFptas2KB2Hf0FtuS2B2PgZxoG0SNCzmiFNV7ZuRCLyE4BnoghIZZCTD8HLtavf5uMNKSlgKJnd0LvMOiQrXqoRexNo3qeHU7ah7e0g7ueGhbref91WilvQfoDyTwPF=s196-p-k-rw"",""https://lh3.googleusercontent.com/grass-cs/ANxoTn1yjyPQDztGvzxGncHH4p_IhrKJtqEcLA5CX-HMgQKcQB8R3UVd9q2q6kUCfM6HuVXEAyiqspN5sS45fEIqbZDuOUg87saHTCMLQ3ezzYUOReA-kxUZu-zmY3ppAYXNGW5s_IuxcGIRu4g5=s196-p-k-rw"",""https://lh3.googleusercontent.com/grass-cs/ANxoTn10LmNJnIDWNmXYLshdPXqqEr_UipWw4A_pW0JovhxWGHmyzvn_cg20lytl9zxAq2vVA5CyIj4W4ykMqxxDCVDtkQGZJy1HY5yOyVmdzNEdSkjkGJ-ePEk6GAFmJmOu5mfgyQoUMEcjOXPh=s196-p-k-rw"",""https://lh3.googleusercontent.com/grass-cs/ANxoTn1e9gWpPTlskd-jV1NO2ryQhr74uHJXbm0yFcyH2NC1nkYpUdQMKnOxfG79kpC3q5exaTVsGWt1q-DPW5qK7syLVFOvBep5tdB5uwNleidxvrT-7bjwJVS0ldOn0QT-fW11TTDecCUpv8Zt=s196-p-k-rw""]",https://www.google.com/maps/contrib/102031194952807647348/reviews?hl=zh-Hant-TW
Joy Su,6 個月前,4,人很多，好像也蠻多人推薦的就來試看看，點餐排隊有點久，然後感覺滷味價格偏高，但又好像還好～我就把還沒吃之前的菜色跟菜單都分享給大家參考參考～見仁見智囉～然後想說核對一下就看到我倆都不吃的東西！所以才發現店家點錯，還好有看到，還以為是不小心夾到了，反映後店家發現是他們點錯所以馬上退款給我們了，店家態度都很好，但可能忙就會小錯亂，點餐時我的飲品ㄧ再強調我不要冰塊，要完全去冰或常溫，但我原本點的飲品不能調整冰量，所以我只好問他們有沒有推薦沒咖啡因不是茶類的，然後，店員還問原因⋯我也,"[""https://lh3.googleusercontent.com/grass-cs/ANxoTn1ZS7OJO9gMAs7qWRonXB9vMct5ajxRvUYpg5n7fUzM-0k46DxDHIL_GOI8gNFGrtMamsWc8UFTTCpnMYpd1DnFqF9uoXtEM2a2YBiwqixDSayNeugIv0i2chwKLp2w8dFtiJ-sUD71hYs0=s196-p-k-rw"",""https://lh3.googleusercontent.com/grass-cs/ANxoTn2uiTiwEVfgQmEWRzZzZr9xikDmKjyNrslUuwQydKaSVsyOYYea0jqvhSrsNMADq5reL03xpDCR8c-SpVIrw_xJG1hTVZ3I7Knf1AKIeC186d_eVhgBOzJKi_lE3sPGYo5iyc4SB1LXqiq6=s196-p-k-rw"",""https://lh3.googleusercontent.com/grass-cs/ANxoTn1iIT35dbmpo1joSis1j7q5n8CVYzIl-_fTfquTeDflOHNHE3csLK4vB3qLAfTLDFkB6Q1Ft8NpmCEwF8JLOTjL0-xArZ1D94ZjcdlnKQaoBUl8ul5x8MrskIijC6fJCH4hI-KFVhH34fHp=s196-p-k-rw"",""https://lh3.googleusercontent.com/grass-cs/ANxoTn1UWj2UaoQLVKUalmcLnEtDbtRgwFF9VGm1btZ2GpWcMRmPYKDPLITQiIfI_wBdsLBbikvD9tWmZk9czzUmUHX-ixQhVfhF7bGL3VS2VtJnAp5zjxJizBFTIQ-o7Ieetk2yhK5Y0fjeQKMv=s196-p-k-rw"",""https://lh3.googleusercontent.com/grass-cs/ANxoTn1AUpSOajgzdxZlAQU9NAVTLvTrwJLZKZQuSFkpwhLx-Pcj4jkEKyEewD0pmtH3xevM9P5-yHUHMFqB-dyFX_2h9pcBxt_AGepm4YjlDIczQtMIbMsuTBULWqM90Rj-UkPs4sMDLmbh8e8Z=s196-p-k-rw"",""https://lh3.googleusercontent.com/grass-cs/ANxoTn3QHUU6cJL27UJY1f4HdnC-0S4ZpPp_oOSvDY5wU3PKbQ_Pv_-2lc0LqenpjzEFsKQYLZqpiL39y9NyQe-8bLCX7Y6hGKrqRoAM70GYioj1N5FdOGnOpcQBUjvR7mMt5f10iVcqOYWW7EbN=s196-p-k-rw"",""https://lh3.googleusercontent.com/grass-cs/ANxoTn05vdDXsV0-RbKv4On-d6-8m4Y8-DpCzBmErdRld4_HTSWCwfGF6aA5O2w340Cw1RnWIxNtAXjkf_Afqqgk_-i0ygHzOKXLFNzfLdC4_eph3uJ6Fk0fGSoD48ALYsCPcqEhmk8mCs3rkYv5=s196-p-k-rw""]",https://www.google.com/maps/contrib/105282076925580578131/reviews?hl=zh-Hant-TW
fangwen Shi,4 個月前,5,潑辣麵好吃，滷味也很有特色回訪很多次，現場排隊很多人、內用至少會等30分鐘以上，外帶有送高麗菜，也是不錯的選擇,"[""https://lh3.googleusercontent.com/grass-cs/ANxoTn2teDUUhUBaKBm0XROJLc283LMyppKeFGSETWroa8pkG3fBiqV_b3wllilfHN-3UNhsNTEKG_s7VkD1qu-4vvpqbBotBCfuHUKZs51R4JDk4WlJX--kfP70xaZzw9ajVUGqkwJko10qv_Wk=s196-p-k-rw"",""https://lh3.googleusercontent.com/grass-cs/ANxoTn2E8PgPtJOcB82jDPdbNCDe42cMudNAnfG0kvUvUEJWEeKTO4H4Eg2fAmMk9WJ-aC_Ax4Kfa51tjp2JcMljilbjiBheE7rCYlnttJu265oh00yJjr4vdZygyb2eWvQ4VH_wp16bt-zLOaqj=s196-p-k-rw"",""https://lh3.googleusercontent.com/grass-cs/ANxoTn3yDUp2VgC72k5nY-lOes0xtGeh3KtEIXlLBfgqUBUTg1TS-FOqC0-0OOuz6bbpNAhbADkkIEZX7WpMr0MYXpO06aDi9CyA-yMCI1ryAgE7496kDAECdlAbU2P4VaC-o7CWIOXewOiV62B3=s196-p-k-rw""]",https://www.google.com/maps/contrib/110625799093679058948/reviews?hl=zh-Hant-TW
底裡歇斯Delicious,5 個月前,3,潑辣麵不夠香，吃起來純辣而已，不知道是熱油溫度不夠高還是料的問題。滷味不夠入味，感覺需要靠調味料來提味，油條有一段是裡面沒什麼味道、裡面還硬硬的，另一段是滷的太鹹，不知道為啥會這樣。,"[""https://lh3.googleusercontent.com/grass-cs/ANxoTn2sbQD5ZLz64igA0bo5AfcKRhKB43lLkQ2n44TwfzJwZ3LOAizPsy8Sf_DPxk2u8IKEcodY2-FVUm422utLsbMjOgDtRkqyM7sVR-qYvDUQEVoGQhHIC2dGjn_r6FaalfzNg69ldXuyq3Q=s196-p-k-rw"",""https://lh3.googleusercontent.com/grass-cs/ANxoTn0uzKFQ_47gcl_9V-3zdIv_19VX0C7WLHi23_NfDTAR8HHuF_ImyKNkLmxw2-_r5zSJJWyO-P2KWzedXdlOM3Q3divum_6-4sxOuYrpv7vrgNj8L5tHBcgAvCe7akPhdEBjAyayCe4WnJFl=s196-p-k-rw"",""https://lh3.googleusercontent.com/grass-cs/ANxoTn1XrK3P0dXlVjASEN_pX_faDwhQaF2wGFnhuHn5UXmTrkEsKqw63pvdoNf-rVX2KCN9At6IrL_9vyMEmN59njH8a7lAh76CeX2QvE7nwiFwnAAATetIZvuGRsgAICYqLc4iewkBb8cj2mA=s196-p-k-rw""]",https://www.google.com/maps/contrib/100041173893112590130/reviews?hl=zh-Hant-TW
張維翰,8 個月前,5,📍 店家環境與空間配置店面位於海安路旁，鄰近公園南路與臨安路二段的五岔路口；周邊停車空間充裕，包含路邊車格與收費停車場；店面裝潢美觀，風格突出：內用空間與樓梯走道狹小，但動線清楚，座位充足；冷氣環境，整體乾淨衛生。,"[""https://www.google.com/local/content/rap/report?postId=Ci9DQUlRQUNvZENodHljRjlvT25WeGQxRlpNemxNVkU1RGMyOUVjSFZWUzFoM1dHYxAB&t=1&entityid=Ci9DQUlRQUNvZENodHljRjlvT25WeGQxRlpNemxNVkU1RGMyOUVjSFZWUzFoM1dHYxI-Ci9DQUlRQUNvZENodHljRjlvT25WeGQxRlpNemxNVkU1RGMyOUVjSFZWUzFoM1dHYxILMGNxMGVJVWxVMWkaPgovQ0FJUUFDb2RDaHR5Y0Y5b09uVnhkMUZaTXpsTVZFNURjMjlFY0hWVlMxaDNXR2MSCzBjcTBlSVVsVTFpIhIJAAAAAAAAAAAR1--eUSgiP5IqCzBjcTBlSVVsVTFp&wv=1&d=286732336&gsas=1"",""https://lh3.googleusercontent.com/grass-cs/ANxoTn1xLn7Zip7NrFjv8ssKPvuhXk2u2QAa-EP9FBuQ7gMmJDNEl2CGPEedk1zhYzyc-dYQQr5Ilpy2dF_MIBc_aALHyl1sG2I2-W4JrLTXYNe_CCHjjrEObShRHDdkRM7kCpTKN2GdOnMSOBPr=s196-p-k-rw"",""https://lh3.googleusercontent.com/grass-cs/ANxoTn0n8LJI-gPXeUuqkU9zB-8Q1CzxMXOmHi6TukKMnUeLti36jAw38e4M8o60g6Naty77V_MNaNFiQR600qzF4P7zbS9UotIVfxyH-7EZj01TuP4RDY59hF4FDx9oMdixjodnbZh_SzMXR8Q=s196-p-k-rw"",""https://lh3.googleusercontent.com/grass-cs/ANxoTn0W5B4KRFkDKQd1DYjD1OD3gdLkwzmb60srptWT0zMV8G4X7I7UFIa-BUnjVgazymtiEaDDSRmVJSqdbGI0JSJtvxXzhWM5Z2P8LZJTBVAf37L8YSiTCamVQaBH9OGiM8VFdadqIvmUR_Ez=s196-p-k-rw"",""https://lh3.googleusercontent.com/grass-cs/ANxoTn1t0ma4lhmmScpd8WZBJ2Vir8iaeh6cQhFaKBZl0iG5Q4bAQW5lwXIFTZuKwZCHCosfq-kgvEGVXnJKluudn0HdCobseHsMIdlOoPfppvHCvRVPQOgQmir3-HhwPkxvQ1wXC4VJH6f1CK0V=s196-p-k-rw"",""https://lh3.googleusercontent.com/grass-cs/ANxoTn3XAF7DOeFwXa7xlt6xFysif4kKaTrnvtTxcJP87AhIlE09jSSxzJQgw77uBFrFVB3njHzLptfo6-oegb5Mh0v-TZ71sp942XKkssJ7O2rXNp5dBBVvwW5bcVmtWOY1-3Bx0aap43ho27Y=s196-p-k-rw"",""https://lh3.googleusercontent.com/grass-cs/ANxoTn0WghnXbofhefwzE_d004bSEzCMqBADAn3MeGA-Dzi3fZE5zBOhJJAlMIbqAeNCT4oIizRJylOrgsi8W-Xj6dtp52FHUXgg-H5Y9HUKlHkDur8No7PEvZHghTXMcfaWHhHACBC-Lw9IcWje=s196-p-k-rw"",""https://lh3.googleusercontent.com/grass-cs/ANxoTn2EI4UaRktiuDClUdvy8pBF1vp858aAZXWL1SdKhRWCaJRq19PLdxLadO-yH60VZM5XXJBUQkGlLAZ0Z2YzCl-zMPmgEdpsD_5mJCRJ6HR4xCuxEMVOaL2w9DBQ7wSWhoJ3kjEF8mCekzCg=s196-p-k-rw"",""https://lh3.googleusercontent.com/grass-cs/ANxoTn3Q3-t9XZlaPQplJupIJvodWpW_uYSaeIphD-nmPJVKlNJS-zBHWnrDq-AJjZmcJUETK7nrd7_8xUaK-V4eW03Mf88M8ngUhLX2mTLE-mg39MrVapebt-J0UKr_Q_QzUMu-O6b-BIYfURAF=s196-p-k-rw"",""https://lh3.googleusercontent.com/grass-cs/ANxoTn1lKXeGvEtEmPJQUIortRgKO2vNreZ5qMB7Mup-Ts2RNEIn3-wWJxckYbc709xKQofThHQaqIzTheobWHSAgKzV43R_w5qjz3KvFgZVCyI5k0JmFGFBZPTXGfxfGNYh3U7YHZQxgcU3sxE=s196-p-k-rw"",""https://lh3.googleusercontent.com/grass-cs/ANxoTn2s4bv1g05opH7jR05DLF-86GmbnidjaGcn1ZXHNeuPKBFJIlPOBtAqGahSi1rZZcSVlQDuA91BdRGwhodu0cmn5abmizSXx5MtiC0E1PQ7MzoTWhGRQ8BngpJkWLnVqJiqY8zTVdk-_f4=s196-p-k-rw"",""https://lh3.googleusercontent.com/grass-cs/ANxoTn1iCKZpqDOjG5bnWxTzkYU5M2lxdLAbbovbGKO25JkB6obVi9ca0meqVTHtqyYnGlwpTaymytlqXeSj-huIfKt_mDoHnzBxE7rZ04dmfWc21EFPMLVtfeGJDI3UsO0cIZuzPuOdSKae_uc=s196-p-k-rw"",""https://lh3.googleusercontent.com/grass-cs/ANxoTn1PBkJdvcDXKO3XRvnbYjcTmLkF9q1DwR9p5areBE9P_pBCdesYbGJa0PQka2aaLHouO0j52rae6iOdOb28etCsES65nmej0KweT-BD5xUM8SRbnToCQKiC_2rTWEdVTln12q34Hkj1SKA=s196-p-k-rw""]",https://www.google.com/maps/contrib/113066079603195248671/reviews?hl=zh-Hant-TW
凱文桑,4 個月前,4,滷味湯底不夠香，加了辣椒比較夠味麵很普通、選椒鹽口味的炸酥肉也普通珍珠奶茶的珍珠有點太多（笑,"[""https://lh3.googleusercontent.com/grass-cs/ANxoTn13BC08wt9wy9I6DLpX4A6LDR1dmLcE3l6gWUaiVQTB91Fw43mc2u56ol2f-a781l_ENqhXnIdljcAn2QTAzYwGamqEJYmjYyFCv8xCEocwalCEXLML7VcmqP7z_Au9djc-0SXUrNKscFQ=s196-p-k-rw""]",https://www.google.com/maps/contrib/112884548276609600312/reviews?hl=zh-Hant-TW
Grass Dai,5 個月前,4,整體是好吃的也不貴但生意很好要等招牌的潑辣麵真的還好而已,"[""https://lh3.googleusercontent.com/grass-cs/ANxoTn2Ud5kAtz6zDFSOxHphDfdHI33v70dWT3qz5Wi26Bgi92mEKUx9RrRvzDXQ575TK6g7GTz-H32E5w9KLijqGvjEcQ_nmtJg3KDh8osyWHyg7nilAtYzWFwGrZA8gZAnixs_HxrwBgT5K3zG=s196-p-k-rw"",""https://lh3.googleusercontent.com/grass-cs/ANxoTn3tFUvPkSdfjgEaKYc5NK0xM0BKVqVC7UMC6cVm-r8bVjNIpDVHnhU2O89Wri2kl-toVb8_NbcuKO7IBNvCaftv4vn5YjTezLSjVjWdxXuuanPBBS5lxXIvWVohQRgbmkWPi1A6LbxGRmo=s196-p-k-rw"",""https://lh3.googleusercontent.com/grass-cs/ANxoTn3JxoG3IaVIxTU1p6EkP-J8t2wyaKg-KBneCHH-h6-3v2kmXQkroUtmO9cDfzrYMp75K8VJjm2B463ZMc_MceNVcud2WFhcgxTpHQqCKwZhEOFfSJAqLINNaK8Im5IQ-fxoVVMnnx5kgWsG=s196-p-k-rw"",""https://lh3.googleusercontent.com/grass-cs/ANxoTn0lEY_cDg78C2pAeVKW2l8PQN-ofpnB1Sh4QcdCUQ0RuZ7enbj_1HH3wx4MEu2unO2WafXrodRqf9fJUzThMsxR0u7KYEXVyGAem1KZ00ZzJivkkA3JyiZIaWkj5FtyZWSXetdIBeN5PNTG=s196-p-k-rw"",""https://lh3.googleusercontent.com/grass-cs/ANxoTn3awSyH52Zrcfc6VZmvehaq4BBQnlppy1y_Mdq1Z2xMUnztxRgVi-_KlL-pauDeC92bIBpZhsX-n3G8t_EILxLH0Rwz4tcFNE8WO_7NOR-WGY6Ua6b3A-ubVFNSobuuK27MeVfoLtVf9EU=s196-p-k-rw"",""https://lh3.googleusercontent.com/grass-cs/ANxoTn1uzQ0wML_zaWRL85mE7Vd_L-rMAKp5VEPcY_CiBuzx-_7WNtJqYjlQAltTwEMvZ4F6g_T39Qo9fq808HjLr2NhQ7e4CQQLj6eLBpKiRaC1lMW_0c_iydNbCckM2bcTi-jerlyz6HDFj0FA=s196-p-k-rw"",""https://lh3.googleusercontent.com/grass-cs/ANxoTn0DX3ovWU6v2MRKbPcmgMb0bN-rFBl7SO6qOCieTneKJUGHmTvoALhoDjifqPAspA2XEznyume8F-GZfK8PbxuSgrgzL4e0jFcJ0vafhdyy9escP1Dqrf-W9j-zjqonC03CHK_gnbMBLl_x=s196-p-k-rw"",""https://lh3.googleusercontent.com/grass-cs/ANxoTn2lStbq1Wjj5UIEznpbIelxMmDjvVVI9_EiaHtE3mWOTY4VEwCeREKmV9m6DSdv0sqgTmVU-K8cWYJvbJXv4HxCoIspKJJDmfpum1F1IV0NneEQYyF2QtcNCuI_uHwyyqzePVp4WWCzSNWg=s196-p-k-rw"",""https://lh3.googleusercontent.com/grass-cs/ANxoTn3Co5r_0sEtxUz_69a39TmwDXLpTYYT43wcbsUPmNGwFqqnUvjbQWQxB982t9aVbrECg8rvVTHNf6oqEMhmin5PWB0aSYDM-zgmr10TD2t9-tKmtjh4UZ7QNk0FwfgjEz1_sdacbriHeew=s196-p-k-rw"",""https://lh3.googleusercontent.com/grass-cs/ANxoTn0sehs44UCBpHNWOVHBxj4C15D79ApiXVoCz2a9B6CrfuXYXaFj4OTZdv_UyfD5vBKuUFX2inTPC5An13SG0L0kyIwZz0JVtxPajP-kfbrB4f_MyxfRfIobYlP509Q1svSqRWDXsFbhgbfj=s196-p-k-rw"",""https://lh3.googleusercontent.com/grass-cs/ANxoTn00AFfqyqU4plIk2Ez5IjhbfpjN_XTRgQ8PZMQyf2dkIcecStA7iU_e8l5Zwv-aLBlsehtFjPbIVpd04zXGgjcknY5nvkHTatVD4vQujHMwmS32KtU2B9I-uNSskwNyT8pLudh7RLZwKF-d=s196-p-k-rw""]",https://www.google.com/maps/contrib/112839740869268462864/reviews?hl=zh-Hant-TW
Show,1 個月前,4,滷味口味我喜歡麻醬麵、潑辣麵也好吃配的辣椒很好吃一定要挖一碗✨😋,"[""https://lh3.googleusercontent.com/grass-cs/ANxoTn2zJPpuc1idzSjTtZk7jBkmjn9-c4UHnDTYsUC-9OEa3yEx3lzqMrhnQ32y41zpYNC6Mov6iObvBkDuq_5k6UKjbuimYE8Ajz0alLMfyP4C06FiHN_bbBRoqoHUhXyLfajaEuO_X04c4DVY=s196-p-k-rw"",""https://lh3.googleusercontent.com/grass-cs/ANxoTn0BI-alO7BRUlW39wb3gcMyM8wf0p0I41YSXLyKnPXquf2kMsKo_x8RcMlvMYeya0lVXGmpbA_j3Qyh1DjrClvhm99xe1bum1Q5r48Pa1_hetyFRO_0SFE0G7eftISH-Ll-k0vQC-n-_S_H=s196-p-k-rw""]",https://www.google.com/maps/contrib/117451840604973183509/reviews?hl=zh-Hant-TW
幽靈（海超人）,7 個月前,4,青檸四季春推推👍滷味的部分調味也很讚，喜歡蒜香的千萬不要錯過，但稍嫌可惜的是看評論大家都很推薦的潑辣麵，（一震動馬上就去取餐）我端上桌麵已經不熱了造成麵體結塊，攪拌後也覺得味道沒有多驚艷很乾，但麵本身口感很好。,"[""https://lh3.googleusercontent.com/grass-cs/ANxoTn3PgDl0UiiHB-RuFOCeny1ItYYWppVKlZK96gvhY67FdHUSF79CfoEV8bZponAuW6DV3FTM8Twt-Qy1vmqj2AVXJ2hXPvpTwNzK39AiwQDLubPyrR7ArsedlEhc1MSBRgO7B_7-3MR_pLqE=s196-p-k-rw""]",https://www.google.com/maps/contrib/106920882522937518323/reviews?hl=zh-Hant-TW
陳家慧,8 個月前,4,剛好入住對面的榮美飯店，前一天發現都會排隊，今天來嚐鮮一下，但因為不是太餓，就點了一些青菜跟川耳、香菇等，我覺得把熱滷做得蠻耳目一新的，且口味好吃，再加上該店的一些獨門醬料，終於能理解排隊的原因了！,"[""https://lh3.googleusercontent.com/grass-cs/ANxoTn2k3O5uApM8mOR7fRnr3veVz6oSW3Q8g_XDo7lj-DjzYIrp6hKHTyAqDeT4pET-ganoFUs_6qg613UqL1QZaAXQJ_bSzf_6tU-1S_9KmIE4dNRlq8fDKmcBGcC4dN_9_mxXZHFcClFPzZ-P=s196-p-k-rw"",""https://lh3.googleusercontent.com/grass-cs/ANxoTn01E1qOudgSffHSC3PaWDWlxSNzOhURWZS_mqfRGbr_yUjYlBMeU6bU1yLhbZYYDlbUb01THB7NXnreRHNJrIw5wRfznhMJjzwOU1TyNsscyHzfUPnm3n3jrJhOpqwcxKEYWHlLceRSabA2=s196-p-k-rw"",""https://lh3.googleusercontent.com/grass-cs/ANxoTn3s2b24n05w8ouensqM6VJ-atfBPG7FGJG88gdDjn9Zf2w0YHTf8EFyWNfFp6iu8sJniYWACv9f8VuvBOPXUqgWXM2__CHQKuCz2ftdnrvXDqMRJpTsqYMqfD6IB3Dgw7j6fCjqyGpF-4X3=s196-p-k-rw"",""https://lh3.googleusercontent.com/grass-cs/ANxoTn3fa-OmpfHcrNuH8Imfo0V80ry_kDxV7ds9HPKj5g6bs2czXBFtmsz8rp2Wk6XmsbI_N7SV88GkirogdmhoEkExWjFC74NEJXHNDv3iYBUsAvp02Ay-c7FI7StFS1e1CvYA2WBgaxKuvi9i=s196-p-k-rw"",""https://lh3.googleusercontent.com/grass-cs/ANxoTn0xz7nOJ7Yno79sFwNkLQBIqiB2-3f9hyrZmu37m8n0Pti26V5DO-gZwLzZZ5mEAIINbIf14DdJsMKh2Q3cdMHoDG84fxADlCvFb4TV_RbFx5d49MAIRXM8c-VqzpVgOxKsKuxFGAstf0_X=s196-p-k-rw"",""https://lh3.googleusercontent.com/grass-cs/ANxoTn1Seo3PQCF8sLR8HgUJCyyn5Fi25Oq41Ozqlbb4Kz0CXOtDvNE_d3mEo5q7LQrHoTdsMe9q1mG1wFej-qbWT2by8gsQiEMqFHr8G0l4rsSc3l08sJ8uCnZKBjgs4KaZtKqmvYTqYUrvy2Cw=s196-p-k-rw"",""https://lh3.googleusercontent.com/grass-cs/ANxoTn2YDU93cHq_X9nczqP6bTlQpGKLft1DBB4vyIHr9BIeGcteeein-mkSCeyRg3JyZTn6FqniaIvAovJsK8stbVOTfZzTjluykeyOSxYWYRxUgCZeRbJ7YeMyMPAN7lYbka2LbbgkI00EsHd4=s196-p-k-rw"",""https://lh3.googleusercontent.com/grass-cs/ANxoTn1m9QXexVGvyqmtDP3jgq3MbUqxtS5OXpdxfOdwRJ8j7mo1EeqbMYF61yGSxTJxdORaHp9YOd0oRqLvrOCGj2OL4PFSqc_kMY_AajVaYCNU1ecCiyyJ3qFNwJ4DacpEbx7Ntq2rlO7Pk3w2=s196-p-k-rw"",""https://lh3.googleusercontent.com/grass-cs/ANxoTn1Qy8-KXn_LqdfNPjBiNej3VaCpm77ZG8-ObJchGkPu1hTRkhlYxXy4Fgqa_RpGZlfT8Hy-48mBnrgFjfMA81Dc9oZRdrgMhUJX3EJLzvDVPFxjw9YQI2Tr0BBxQrLbyGgEfwvFPRQWOM1X=s196-p-k-rw""]",https://www.google.com/maps/contrib/107600891412432213752/reviews?hl=zh-Hant-TW
Phoebeee &,6 個月前,5,回訪無數次，每次都願意特別騎車快半小時去吃，因為真的太好吃了！尤其是每次去必點的炸翅刀，一定要吃！薯條配那個醬也超好吃，而且很大份！飲料也超級大杯！珍珠奶茶很好喝，珍珠很多！丹瓦紅茶也很讚！滷味就不用說了，很入味，我每次去都夾兩包高麗菜，科學麵也很好吃，愛死❤️,"[""https://lh3.googleusercontent.com/grass-cs/ANxoTn04IOD39WdnWakGth14IvJch2St__ZGOFsC4qg0eeALAKHJjjYAjDL57BQRvWdHYXaMbM2oyZYJUJUW3B9aGCjpgcl80R2dhIk1oF3pMNZsb-7gztX0qS3TJfRlQBozCe7R6ftP2gjwRqc=s196-p-k-rw"",""https://lh3.googleusercontent.com/grass-cs/ANxoTn0hY3hSxzXSaesPuvF69ZGdS8PVCFHrUX0kxzSqC-fvF1pHN9Q_ktRBnx53zMKtdB7n7SoZtz7n6LZFoQpcxd4t5d48dra65pY6Eux80ifYTnm6Dhxc-ED-mO6EPFKbTbEKrDiEqAnpx4E=s196-p-k-rw"",""https://lh3.googleusercontent.com/grass-cs/ANxoTn03rKHRJHr-8EZhaRrb-VD8QIW4-mO_psV_c-lBt8TdkAiL39ZNXG7zgn1e7oqvMORokrYfrgmX-CF20uL6AHzvdudL-YiSEi0tNxt8imPJTHtXn2KK9pSUXv8EyZ4gy6hvUQkGb7Tyg_V9=s196-p-k-rw"",""https://lh3.googleusercontent.com/grass-cs/ANxoTn2xpZpr0lMGHEaK5IRyL2xjrDRkM8tvXAUsr-gYSahr7ADtc39lodXHCKw6TlQUNzsyXANnVI8rvLPS1BV7LP5veVutZXHqDccCCPk8efVvz5pnOfdD2BWMlmLzYdmm9GPXJBzWy2UEBima=s196-p-k-rw""]",https://www.google.com/maps/contrib/102782807352603215427/reviews?hl=zh-Hant-TW
皓爸,1 個月前,5,2026.04.13 造訪魯味為主，麵跟飲料次要..,"[""https://lh3.googleusercontent.com/grass-cs/ANxoTn1qezW-p1flzfAYvNfLVlHjdBjFCTr799aoHXUSvHKN3uEi7h9WHVg0Eb_tS0_Yn5vQl0dWXeJtNyb0V8Zv5ln_WegKx-k8WspHpfwmDS7FHA873d_J0d0oktj7PE0fHUSrM5K4W8YMvgdX=s196-p-k-rw"",""https://lh3.googleusercontent.com/grass-cs/ANxoTn3WbJ7Te9DEHBYT2WshyEVlXHcPDTyqBIN3f1z25d7ZKAv4r1GH79puTgd_3Z2vYlbubEjG_RdxDI_7q4LrfzZjy8z1hvJ6L6a9uBGlWvzt5eKc3u3ZBb_FM83Atzjk-bYXEmqileNrWOo=s196-p-k-rw"",""https://lh3.googleusercontent.com/grass-cs/ANxoTn3EUoheLXmRX4vHrPblJGn_qMShOCKYa-5OByL9OybN37ctQLep2XoYA_GSlpvw8zAzIS00mQrRCptN18vz4h6mipmsuqfv6SEIX7URrXnrCNpPMMu1-TEQKVSgjde80tW9kL6praJucSMf=s196-p-k-rw"",""https://lh3.googleusercontent.com/grass-cs/ANxoTn25FEYc2JE98sBBar5zn3Zu3VGKMp660BqKC-zRC5icvo9FgsIIvzv1gZ4bIlZ4tmFkbJ_vZ5BBkgRK1E7e-SDqBzwbxjcd0xB3P4v8Dl-dD4xUKwGZttpIJ5OEgvbnx5EssgcJ2DHYh8T8=s196-p-k-rw"",""https://lh3.googleusercontent.com/grass-cs/ANxoTn3cN3ebjLrEB1VS83rcdVfGUfLk8YhLlMqmrHQLTKEANDMEPXwt7K0JrfylrFEQc6Ro4OIwZ6jYyGc7y_Pg6nNDGrz2JXsLLGD1z7KrecuoZYeFw3f4XMtECDlXjzhNtmcQXGho4yFVhaY=s196-p-k-rw"",""https://lh3.googleusercontent.com/grass-cs/ANxoTn0EIDD4surL9nyqgWA7cT_VXoSmRd1k2-M19bGTUnPbo8wJaMaLs8VngZOs8lLNUeVKleTtEH9UbbGnfmBmCtbvW2jJqAIbZcllATte9YzHjo0Bmzl8yM3gJO9oWzTO8-LJQqKztERv7WLK=s196-p-k-rw"",""https://lh3.googleusercontent.com/grass-cs/ANxoTn2wal9e4QIjJX2x5Lxd0xMBiavQ8eZNIqJKaGDSXt5ShBjUqcAT4PprtGSuRNAQa_eWDThtsNUlXb_r6LuBA59Jxp3gMsBqlHtAE0CZPt9iX7ZuSUmAkV6SnufIyJKNYBnCY5w9M9-X6Bhg=s196-p-k-rw"",""https://lh3.googleusercontent.com/grass-cs/ANxoTn1IlVih1_GFG3HushNtsatAkXYIEfThKbbfvAnnABlFXd7WqA93mymHRnulxJcxc97pm2eC2Aa2RFCe3gWrYjPxo8vRTh4WaNf-JwvqF2-z3FAq57Q2kYIh__L9OpRJUpLERLm_Du61TaGK=s196-p-k-rw"",""https://lh3.googleusercontent.com/grass-cs/ANxoTn3lKamURz0ehvXxEjlQRKfS2atImzyr9Hs45gEvZCGr8z3NZaMRr-kup9WJ341lXRA9BPadvFPGrq8BY6tAWwNEKBLiJ2MMVWEFwD7Rpocf2cY0TGCyrBNPrFtROo8NyTRO8ELrPhssHv_q=s196-p-k-rw"",""https://lh3.googleusercontent.com/grass-cs/ANxoTn3PixrbrXgCzbxVv3H8Gb_w3htHCMErjch1DIpftZJki-oDTOxgWEgerC5Eq0iS8vLzbQxm8x4PV95-3XzV1IVGGf2PJDbnhMJCEufxjpvBtBhceDUkezE2NOug4Y8NZ-XNj590RLTBUhkw=s196-p-k-rw"",""https://lh3.googleusercontent.com/grass-cs/ANxoTn1-KxBpCwWw0zCuSLYXi2yxRZ2n9FgPPYDQIEiTgKW2g5ZxZ6qifL-46q3Yt7-5fq9nINlVqozSKPnfM-hLIV1mWDSF8lZfMUzq8CaNk-HzeoRV0QAYHerEi8_nkqNZE4Urptb47JsjarDb=s196-p-k-rw""]",https://www.google.com/maps/contrib/116801760776502797411/reviews?hl=zh-Hant-TW
Y Y,6 個月前,1,一開始到店裡 店員請我們到樓上坐到樓上問樓上店員才知道 點餐要到樓下點==？所以跑上樓又跑下樓,"[""https://lh3.googleusercontent.com/grass-cs/ANxoTn1lmi9vxF-WPr-4sWSA38NpujBmKQZIUn7jHQJUBLdO64UlCNO-nuDMffXGOh5vt7BfWQ4X3hzVVHiNAMHFy7MtQ0YhNNBEY1BGgISF-81ghPU7giJ6Ya1Zz89suaw9ZBCgsr6ud-ixf63a=s196-p-k-rw"",""https://lh3.googleusercontent.com/grass-cs/ANxoTn0KafOA8G9QevTO2tJ8BAdKcXQFZoB9wmUxqX0FH5F8QiPPQCmrG2veELh-JiApI0CfBZQzb592DxNFFWqXHQ4AF961N2v9KKFDkVbwDi1nBnahJKkHo03S07pNlcXSueRGss1g9GsuwXQE=s196-p-k-rw""]",https://www.google.com/maps/contrib/105379529977343258026/reviews?hl=zh-Hant-TW
Mandy GAO,7 個月前,4,看蠻多人在排隊，就買了外帶到民宿食用，吃完後感覺整體味道是好吃，但不到需要特別排隊那麼久的感覺。有機會再內用看看，這次外帶沒有裝他的醬料，或許醬料是靈魂？,"[""https://lh3.googleusercontent.com/grass-cs/ANxoTn1_Md1GWUjNyOLzcjk9cljZ2-9Elv9yab7YaNx2UGXhczImMF75HVrWFgwevFYkOkZj5uP5G0eT7CZJi0HdSKDmShe6PWjMgnLDDGyViBtVhBywGA_jtCGyB-IBJjyJ6Vsy7DzbCewiix7O=s196-p-k-rw""]",https://www.google.com/maps/contrib/105424863701336786616/reviews?hl=zh-Hant-TW
王建文,9 個月前,5,丹瓦樓的潑辣麵還不錯吃，真的有點辣，滷味的味道非常不錯，薯條非常的酥脆，招牌的飲料真的份量非常夠，粉粿非常Q但長條狀有點難吸，四季春真的很推配上薯條很讚訂單類型：,"[""https://lh3.googleusercontent.com/grass-cs/ANxoTn3MxZVU9M7SRCSYoqGn_V3JKeZc66nB6wEX7_9YY3vnu9lpPxuRkmdJex81R8wxLhLzHVsyGq17xjkwq8Yb94Fl9adiL2WAwpjmJ3y6gFaVVB5DHmbgOs-Uwq3yvsY8uhjeDrOpMCywkw7a=s196-p-k-rw"",""https://lh3.googleusercontent.com/grass-cs/ANxoTn3sMQd0lkrYdttIs4bq233PfuQEGRROftQwYlvKtAAvbaIEIivdNZym3phMivuctmzbbwUcYAQa3VM8OKdKoBSlmFTXWVVkIoDriJhA2EH89y_ul-qBBTdhWkvcLYb1A7N9EhDzA-FhMBk=s196-p-k-rw"",""https://lh3.googleusercontent.com/grass-cs/ANxoTn3JijGvz4ioFuGtZtgu7O2eeX4QmZaq5uGtxZKbXquyd1VdIboI5fc77rGQd80COPFbGuKuAVhY3-VOLjqrmeYk6-wcGhsxHz3-uI57EtMXuPOffdbe-rsQei_kvmyohVXFjOmknaZlJ9BE=s196-p-k-rw"",""https://lh3.googleusercontent.com/grass-cs/ANxoTn1tHAGWKirvQqOCZMazbFAJ9WsOlcnpoSDSH8_gVJAq5Aqqg8HpH-9aVvW3yNR0wG873F714CVNR3O8Kp_lmih_02TiXH8upjSWeaHvt_x1WijfcUTqBYnG1yZk0TscRE4-Yl2KZJdJxF7r=s196-p-k-rw"",""https://lh3.googleusercontent.com/grass-cs/ANxoTn06W7FogL6qJMmBKSmj8R1HNK98Mg8IH_j-g-RfRUKAeBMRy7BcSAVYUWKhoX9quJZLaxeQ5M8_QwmCIVSvllEdoEUN6cn8P9f1tuG1e9mEyFMk9qGAXY0NlFcJF6E-c1Jfqd56gOcaX6CY=s196-p-k-rw"",""https://lh3.googleusercontent.com/grass-cs/ANxoTn2j_4gWgA8g25hGQSM9tQ311TKJxQc59sR7nbPEK2Fqe1vPAMQ0OkUMwWuzCyXVhWlby2qoGkF2hf_6RXb7mcd8g_22nYOn6ekYPlKezbV6puQE0sxEgetc3g_bdE97poBIcLZ0RBcuObQJ=s196-p-k-rw"",""https://lh3.googleusercontent.com/grass-cs/ANxoTn1yoEby8wswSO-h24RxZIEOFkBTbnPwUi9BkeVZiACSzrg_o10Bgqyvk5iStI7JxNojNMWwwgpK-r-P9nzVwqgLBfgTQUvfc6rAfdco5q6kIVHfzYZ0JCD6BBpjY0gw4uwG78S-bedA7ac=s196-p-k-rw"",""https://lh3.googleusercontent.com/grass-cs/ANxoTn3tRhN9bUZ5UdotbutVXBL91BnR3EXx60QaZZ9a5TvCJDH5vFZhJeR3MrwiW-Y8P1cpa_69mJp3bYXCW7OOWe_gP71sWxzMarC3MKkEMW7QVV91TLfi_c4C-CpTYCEMrz5PJo46kC6skKR6=s196-p-k-rw""]",https://www.google.com/maps/contrib/102163879887216781001/reviews?hl=zh-Hant-TW
吳偉誠,5 個月前,5,部分蔬菜改秤重的，蠻彈性的，可以各種都夾一些👍老屋翻修，地板磁磚樓梯都看的出來是老房子，整體裝潢的也還蠻舒適，店家採自助式，取餐收餐盤，2樓有化妝室,"[""https://lh3.googleusercontent.com/grass-cs/ANxoTn2RrItmJxQY67z8AzhT6ITlMilYJEytJxdADWV130q98icK-50jEqKjXQj90WO2PvYH8NBDPaRwrnSrtdmrY3DoZ8hZFWHL3oMym4siGjgWqfRDaEF5AfX8jT97NxGqZNAuoik72YwOYHT7=s196-p-k-rw"",""https://lh3.googleusercontent.com/grass-cs/ANxoTn3p2OqJAI7FuzzF9rsf36z_qURwy7l4y96_wymBtyrvH9HWqxQzhrjFEBbIIZ_N_Ts5mDCF9JnyiQMBGxPtGh6qbqXt_nPqdUsXSZuqs9cuTTNLtpS9MiOKAgbaZcaK3nTItAhwhVt2FwGO=s196-p-k-rw"",""https://lh3.googleusercontent.com/grass-cs/ANxoTn21b3fl_dbLSksHVhKPjw3zLQMrr-mkGWXZVRzrKYl-WxVsuwhPoK9I_UDT0uX11mCKn-iDC2yYvXNf2s-ibChRMcklHo__FkWfxiuExweJq3vpXHcRhmLqyeGx7Y3S3v5Mds8R_9jOcHio=s196-p-k-rw"",""https://lh3.googleusercontent.com/grass-cs/ANxoTn26zKJYQnE2C_zK2EVhQOmGjGl6NI_6l4is6RAyVJNma1Bbkw3i4Swi2qhluLAZZiw0lWXPym56iWfBdkVakSHtlB1Q5vYOygCShG87FB7IVfQsVhDshY_NTDOEn1nrhLYko70697ZKnhQ=s196-p-k-rw"",""https://lh3.googleusercontent.com/grass-cs/ANxoTn2hurCrb-3Ydb8W9IpsWY8-_SAyVcHl7BKE_7A1ENZ7G7qU9tz23TL4hPNwFs4aQU7pGS8ieYy9rQXvACMlf52jvA87eJHUtlJaKAPlBVi6DaZT9KOQsC86IaYUDF5viqtlROBmJitdhOEk=s196-p-k-rw"",""https://lh3.googleusercontent.com/grass-cs/ANxoTn3myvHAgcdW44DWwV3YAWmyRCyx7iNELOyJ4ot_GYWOcEPxg2r8tVBswvXBAa4rFqa5rTOngR1PTHju_u39M3e64C8Q8X-IW6r7_2trraXRVD47y5ZMa8SCzquOUNMFxYFmBVsytPN6OLKX=s196-p-k-rw"",""https://lh3.googleusercontent.com/grass-cs/ANxoTn3qbZ1VHZ32xtKfwCOOAz59xUC-uQAVrNVoXvZyMqGoujXeLS5StgeLHHJMVJ2sQ1jLnDnrnW8c8oi95eS0odqXBXmZHcV6TQkeQ0OQlk2g9wDkxArfguXc4Gifn7KjgDEypytPQ1xPpto=s196-p-k-rw"",""https://lh3.googleusercontent.com/grass-cs/ANxoTn0gN8ojgCl8W1jdxzI0O_-D-joHlLG0pexDkDnHhXmmCdlbq0u1Nebx6-NXauZ2SmsWn37WAlSkfCfN1P4SzYtHJhHMLimOmgRxqPA99IPJ5lNuFSc2cvw7k1scPdHGaKO8FNtbzVEOdhsw=s196-p-k-rw"",""https://lh3.googleusercontent.com/grass-cs/ANxoTn3dupM81sJVVbjnUKFTlxx9nQKXI9DBqiIPDje3HxHtdfxmi31WY4JgTofER7Mnboi_cEo_8mhs-5aTBaO-6lJ1-zQb0oIvsxC0dov7Vn8HnDNNCO1rcyewJmz9eEgI0UHuKP92Fdw6RkKk=s196-p-k-rw"",""https://lh3.googleusercontent.com/grass-cs/ANxoTn0ZaKECtSuvNEgnhjJnM8V2ztYrVmeI7BHSc0FEyHKRg9r9jFSQMTx9LibaucjNWT-C5MY1JzbXt2euEvlF23Iy-WY5-G76i3ybIc6UVIMSRvGz9wLEDnhuHfjCEhgprkcpbhDEbYfEiXPe=s196-p-k-rw"",""https://lh3.googleusercontent.com/grass-cs/ANxoTn2KhzvhKANzKTIv4wtXQhW5sN9TO9b_fPF2iub-enJs-xwKj_tBiexXNFlFAoJs2boeBHBfWjIwJbab_pDNPSY5amqyw6n9TM4evW4MYEQ_k1Ba-FiO9ND2ZTHy--_-NZTxaPKQC3Lt17BF=s196-p-k-rw"",""https://lh3.googleusercontent.com/grass-cs/ANxoTn1Sj_SF0AHHdqmcbT7TS9w0IIgG_utmzuwBqSC7bZGeYrhxv3U39mdcObble95yo_FNuNZ9oXkg6Pj0Ad2whzf-2EpUW5_hVlCFhCq1LywwoWsI09mndYKqt5_rIrE_n8ba2tkTl1lD9WQ=s196-p-k-rw"",""https://lh3.googleusercontent.com/grass-cs/ANxoTn1kg7-XyRbjvG1rGjCTRkF5XdnTkSpwPyewrxZIXXY1xdVRNw_u-ibxozzhBr6dGviE1OUoHNL2tJxdBOLO6SeDUJWpbYKWb3OmUc_nOPRFDW7Cj7GnuGD-biaqPVMRqQt2SdvfikEJzMFT=s196-p-k-rw"",""https://lh3.googleusercontent.com/grass-cs/ANxoTn30snU7CwtudZM5YEu8WdtyFdQ3dnjL5n5WeTuHiZAkSQsWv48RlZrqK4kG_mjfovDab1qFs5cT4SiqkwHn_Z4x4LFq-V8UfXAgrK1pp3gHS4JDOGSOv5Bd2vHD8OUq-pLH2QznQq5vYu2z=s196-p-k-rw"",""https://lh3.googleusercontent.com/grass-cs/ANxoTn0XpOl2qE-uwS5qtKTHbPJ4MywroP-QrbfOH5BNEy4S6-gM6fV-CFbs7cZdDSV6WMdGM-kFV-OETJkHzkRdUVHacVK8XZAhJ_KllB3moZnXRrLo6TIflnxoSWzIvLgOAxeAwi0BasXbNeY=s196-p-k-rw"",""https://lh3.googleusercontent.com/grass-cs/ANxoTn12RfgFsevigGuuK6r4zk7V6rFNQxsRDWlQ8B6cka_znuKBItQOD1t9MW4eaik1RCArvkP-O3pLUcM_V1jkVPjv8thgK8G2KAUV28iTH0qeultcLZL4bxG3BKgaJ9GmfyADEd2mo07hdYGP=s196-p-k-rw"",""https://lh3.googleusercontent.com/grass-cs/ANxoTn3PMKs6VVj9xKDBjCZLlUvrhhttytVVa7jhn3ppGW4ECwddLm7AsKUAIaENWQbC2JZY9wQQx75o-rLiG9HW9TS2c6NnNWFbBUQIjIWMtfn3ALxakiPVvxiwgkBxYVLwi1lGletIiSCsrfo=s196-p-k-rw"",""https://lh3.googleusercontent.com/grass-cs/ANxoTn1Bv_-WpFbMNQsWBVA1eif2C0IaEYeb7-oMc7IfEeF6weSuUT9ZZ0MC58USZQOHShqMVE3l1Es2TJoLztUIjEgEZb2nAQhAt6t8CXTsV9KaIw4pZaj2jhM7jf3wUy99vTc6KClpLesMX49J=s196-p-k-rw"",""https://lh3.googleusercontent.com/grass-cs/ANxoTn3PB4itW6XCCbJi2up6reoiGcHTFpwXh0bO4yUbUUMNITeI4JOkX7ZZ3Vj1DqWIg9RATW1q2VSzQ3D_Y6t_ustLdxFeO8zUeiCOygnVTuEgWosQMUjATMawE_zG-qVdFpaC2IIwE5EcLXNF=s196-p-k-rw"",""https://lh3.googleusercontent.com/grass-cs/ANxoTn0R3AKEhhvoXS4MTOFjFSbV3ty2lTe4PswmLlEM5v87Qf18YLWDTFNwFpSuYcD3_fmrzJBsxqICrd1DmmDbe1pNQY7BwqX-uIPh7ElJTAPiMQl-DoiDSiV0smANLxWXhhXveN1ogaucdBo=s196-p-k-rw"",""https://lh3.googleusercontent.com/grass-cs/ANxoTn3Tg8lVIEN4bQKVtP6xH5coMll4zQjIElQbFoJ1BEPg7RlQcQ3Nsu3sPqqfUBUYlbhoRM-A10LMb-Q__ELXqmnNKKemdRRM-zXVTuMjtB7Rv-ROb0n7hg_e8PJNZyccFvGpzxKKin8piezl=s196-p-k-rw"",""https://lh3.googleusercontent.com/grass-cs/ANxoTn3_9_-A3_tUrfFBB3zvyCaI_abT3a265hvp1Ecj_baCPIZ4vZGBTMypZVooT7KoHHecfjSrQ-OFneKOKV6DP1NvHNZSNQVdvSDhgDp3pu-_VwPNfNKpIP8UDkWileB5zu7PcByPFNNULdQ=s196-p-k-rw"",""https://lh3.googleusercontent.com/grass-cs/ANxoTn0UcjXImfX2B3lubhdA1PHW41jHnAuj5NM8YedufNebNtTXxVLlAxh9oXhwkH142vN9pk6DpsVIfLyuNQCACTPG39He2evdCqTj-CdjnK_xyu_k0FHuNcQBTYRGo14R_cSdAD70j8FN-Gq6=s196-p-k-rw"",""https://lh3.googleusercontent.com/grass-cs/ANxoTn1ePNwOrL34JMVPJtpJR6mziwpXARNKjXNzda-SukNWUPbEYLpoSIKS0VVm6K2Tp0Q11WZTsHbzwEXAJGw1LHnf9Tm-gQh3Uj-EtXcaoPa9Ke6c-ERMATLu09lydrRtXWAMjkQh1PRhTsiP=s196-p-k-rw"",""https://lh3.googleusercontent.com/grass-cs/ANxoTn0qx9DxhcVDS5OAIo3KWezQ5b6TywPlCO0fp8g5YiHe-z48lQ5vERcCULm0l_AVHUh3SXf2vb56kdsV8W5gHXAyKY_STPF2up2rxfih0tmD1An-9geqHScOY9u6rQcTC7VRaGke5QDJQKYb=s196-p-k-rw"",""https://lh3.googleusercontent.com/grass-cs/ANxoTn2Bq-anaxRGWafjwTl9chSyZzhHf59D5GjIjn_8Yw2raMl3tc5xSk8VaaA2OpsZUeUs7x9A417Edu_DgQUNu1Nj_EQ4irMfl3bzuUNcyV88IHHMUDw0cZY0-om0I2ikMTi10Bt45kNnlkir=s196-p-k-rw"",""https://lh3.googleusercontent.com/grass-cs/ANxoTn3S_060YZQIs2n9zwme1D2xCm0Vcw2iIpdMfw9yHKzfeGoI2Y0m5WewgBbP4N52tdCixv_ZqTwgiozNssQPCaS-AFiJR53T2vfEb6-PIL_BjOoxNla5p5Pz6XQTIprYJJ2Zc2tV9K0d4rJR=s196-p-k-rw"",""https://lh3.googleusercontent.com/grass-cs/ANxoTn30LpuE2_k4rzn3BStJLytKwdRoLYx0FvQupa4ghq0Gjy-y_lVqojNeBkLclLJqCg3FwjAFLxoIEJDQ0cWv1e8IBntwEmfS3jzuQRk0-9SFDOfVLRsAJWvJx5O9la3wj0Wnn6mlcKjm2vqn=s196-p-k-rw"",""https://lh3.googleusercontent.com/grass-cs/ANxoTn1KOEGw9m74w0yTXPMZW-8nTVeJ_n97HeVHed17m-g8M9Ju9mxkHOliPk3pUKKHZbhPFQvEHmISFDJiI-Ji_Aq9zGkW4rfSOXuvVA87ShTqFJf0hES8_XCcE7htJt-pADguSBEXvAyy7aY=s196-p-k-rw"",""https://lh3.googleusercontent.com/grass-cs/ANxoTn1X84YvhRcyW-VCAK4gPaIyekZLvMnW86euGJGKTDe2cq6sioEAfVqWCSMlJrtUDp99L8bzSkOiehmdWeAer_cPxcBHsRwFivNc3CWVwc-FuLFsgm8WLVI0QpFDTDWIiWFkI3sYOW-GRM3y=s196-p-k-rw"",""https://lh3.googleusercontent.com/grass-cs/ANxoTn3CdfzREpWHBn5Ykg9Ws8fCJ7xkr0acJ6Ddqpr2TYt0YhZwtA_t_znRovzbtk4eklMD4IzQNgQHS9Jvz6Bz-6DFiRDWvtBobBGg8vgIHJtwbLbE1e0ISqQwDZYTgfEI5nctlyF6nEo8u_o=s196-p-k-rw"",""https://lh3.googleusercontent.com/grass-cs/ANxoTn1FOYV0tLhkfvclywDRyLF9DGWpfZVo5E__M7EXqsDgzWH2YSgvMV2pQCZBxrP-kPlH6gHIzXpWdjUiiYijzeorDq7Kl-HYn9syHWW_BFMWc-0prUBGg5e2c8QbHFJrAoZkh1HCtKRpjwFP=s196-p-k-rw"",""https://lh3.googleusercontent.com/grass-cs/ANxoTn1HafdlBGy7QMy4jSl5uMw6XG7LD4LfOVHl9-0LvhPY4P1QVM3KePof0UfCr8ojVJVq1lmKBwW-OVf0UFV04aOgUG3SfWovJFw4w3upzbr_wSXcd8Dcu8Qx7dUI3iKmG2RJqQzOWwYH3nH2=s196-p-k-rw"",""https://lh3.googleusercontent.com/grass-cs/ANxoTn2UBDmnJ9wMEymndasrkPN-oV6kE5FB92cjKFLs0ehSSNnFVnjqlTWc7ZxThWrwfvggD6hpMsQcVbrgEm-uwpTuUPSNOyQTtshRDR-wDLsEmQnLUnqdMtzL2tqewiyqxhPAbsVUWVoeF2Do=s196-p-k-rw"",""https://lh3.googleusercontent.com/grass-cs/ANxoTn3oQbTCkoUO1o109Z0r3ijUCJSTvOPxFjSEEIImvr7dN5Z1goB_czlWxUUohUJ63DiLNRed9hbM55e1pCNDdjVcUCdtUqyOBEdMp2TB77MG6DAdhP15oQvcjXoikkYLlXp0U_nDxsq0zfzV=s196-p-k-rw"",""https://lh3.googleusercontent.com/grass-cs/ANxoTn3mwE3px8MugpLSsKqfgbPspeM435b0QRVMSLUCLbbya5fvTvb9DCGBny7lASaf9bmASusivCslnp5Vg3ACduOz1fQdW76E6A4n6KMrsbe_nT8TVI1PLRxRpU5br5FGMaKH5AhtNctb2Kk=s196-p-k-rw"",""https://lh3.googleusercontent.com/grass-cs/ANxoTn0mExffmatPQs4sqn8rBl7sxxnGE0pifhaVwP4JZMFbnzAFmQPuZcCN5QwRLsP5m5hw5zj-PPti04XE1eGBoNyKh2jr-f3u9ANqeaVkQeoLOUol4A8VfR50T26wMVZGi30K9O420TuMSYH7=s196-p-k-rw"",""https://lh3.googleusercontent.com/grass-cs/ANxoTn26AUgqrwFL-0nkN4UYmZhnC_GX3FLgsZm45ST_NkkzUMoVioT-KtI65Ll2wVzjHIBK0eJr6uGF9gJyLoWF3CQJaYBnEBRJTWjJtLOFnBxfur0KCl1-q5ct0ajTvw0Ywtd1kPGd-i2Ksxxs=s196-p-k-rw"",""https://lh3.googleusercontent.com/grass-cs/ANxoTn1m0vMRB15e3wDxbi2fo3OZZbb8W_xNri5YxPhDvasE-5A5BdI1YmhiqIX4_T7tF11F4je5lQV8SzM3-4xycoNNh12cRWXOePHc-kc-9od0Ur408Wp_7ne3fGbZSL8-kwzfEFU02sMAS3Tr=s196-p-k-rw"",""https://lh3.googleusercontent.com/grass-cs/ANxoTn3v1IzCa3Cl2M_Iiktfbk8wfCq5c5xle_gfj9-bSSHhGduWHAvgEwYSSRNmowD-Olwxb_xOOObOtneaboSCTbOmBUcC0vtQ1p8O0rTSTKuKZzyX1bNgbAzShYheqTN-YeuOdn-dBApfU80p=s196-p-k-rw"",""https://lh3.googleusercontent.com/grass-cs/ANxoTn2_z_tCkkl2pK26LsrL0Te5cQI4Y5WCkAVGsgwA1OarP8Epz27zrII-YUn267k7e1NlMhaNnK2PbLDcEeQN0fjLfC_pCvftOblrMDfhmlIE9Jlh_dnnBas3P9jaZtL3c0eb4mPYRxQ1CHy7=s196-p-k-rw"",""https://lh3.googleusercontent.com/grass-cs/ANxoTn3O6Optz8l4Q6EM0yEXz6D42GijeIQN1bytol8WdlgtYxGrQwSR07cLhRo2kUM-zu_f458is1CP6UjpShQQcAX7w7diktdVp6LrDC8q_gdSEINmr2ugKDOf8fiRM3KszvPcvltXnL5vEgmG=s196-p-k-rw""]",https://www.google.com/maps/contrib/112540703546080255856/reviews?hl=zh-Hant-TW
金城武,7 個月前,1,特製辣椒香麻好吃滷味還算好吃,"[""https://lh3.googleusercontent.com/grass-cs/ANxoTn0cjo4caQwpYfdG_CEOqOYKChzmYi8rPKQI5sCGksors6sjodpQF2g-kuJrVKaMJgKn8TPJm96Ogo1ccskc-2fw_kSb5ErBPTuO7CdmrEDkokP0wRCHERQyO6VflWpvVyW4fuWb3ODsqgy2=s196-p-k-rw""]",https://www.google.com/maps/contrib/115456187421715790705/reviews?hl=zh-Hant-TW
賴佳安,7 個月前,4,滷味口味普通，但辣椒醬料很用心，推薦加辣後增香許多，炸物很普餐點：,"[""https://lh3.googleusercontent.com/grass-cs/ANxoTn0PgBCOVK-q9oFYoNXxXgZthAoxh3awn6RpdMo1FXcDQ0Pu4Y11MiCC0b2z2weO094Og9OwSmxwQoJ6B46l-_4HaM6oTNskUIYmlCG-gR4-W8-uDoOM5SysfCOu8dcr09XspuGaHP8Wn5Zm=s196-p-k-rw"",""https://lh3.googleusercontent.com/grass-cs/ANxoTn0xwGMbqKD2NaCeClN3yhgEIBTXQZGc68p6_bFAc6qKiU9CdwsgrlzIoU2hDHnTqVfgYbs3YJS9jNjo1h6JLkIeH-e1KPkhwxzTemEHo_kdLNGxQ9yYq-ghpsS1DMVGIDgGo2YXXjQsomY=s196-p-k-rw"",""https://lh3.googleusercontent.com/grass-cs/ANxoTn1z1vtjk7fMe1sFI_6Vc3KnJ4frS1p8GclGQ954HJ-w2MpXwtju-8GlyvOpeb41P02sP5hJdE7JHupwrKAks3BgR32axj95DACWOZAXyVMG7of_vIHhe0hIPG4JM9f7kp8lhC6Zu04Wmlo=s196-p-k-rw"",""https://lh3.googleusercontent.com/grass-cs/ANxoTn1o_VMiPfFfSJr7npxsAjnu9KG-GKFmvuv55X3hkqJD09deyJ9X-UF4jdTNeNHNoZiBDNjoXkhcmmAK6gMpxgd6vSmW66u2PTS3RHnDBFr2Zw61Enh9uv5JccmcTifOEJTNRYq57kcjPUQ=s196-p-k-rw""]",https://www.google.com/maps/contrib/113354645866506551566/reviews?hl=zh-Hant-TW
李宜靜,2 週前,4,等待時間超長（大約1小時梅醬翅刀好吃,"[""https://lh3.googleusercontent.com/grass-cs/ANxoTn0IYQgTgSr45X5LGIvmamS854Wq-8FNtTx0yTMMWOPeYQfUiT-A9ns2dkkHdUjmXttd41jRq3U9Br-1j9ImahlW9cdOYxZ9duu3UtHvmfDvce0UgFT-7tGc-i4MTOwXaH_ZRqr7tSTzBqcH=s196-p-k-rw"",""https://lh3.googleusercontent.com/grass-cs/ANxoTn2mHczsrDXoFTNynkjXDr5Qh57CXiKs4XMgiUQvqEdeMwDD8bYxF2KAGbZ_wPHLkL8HExXDcpXqJuQ9xHd-V5cx4pi-iZNVr7z9A4lWLmhJ_qrwMf4Gu-rD7_XlFnqet5YLKJLDZcRTT7o=s196-p-k-rw"",""https://lh3.googleusercontent.com/grass-cs/ANxoTn2aTMTa28ArnayJ2v7upbQuJJdh2KlWhnh9FxcLdvip7ejFjxSUdnlR-0SIldxGqpMsRALDZMvw5-UFrATiiST2uUAyt8d380RIi-KR6DJZzu1uNURmMhjt0yDfNz7baEWmpgDcePm5s_E=s196-p-k-rw"",""https://lh3.googleusercontent.com/grass-cs/ANxoTn1pPbVMLqkYbjRehB9Us0g48Gvahsmi6xZt02MFC5W7_gY4nPuYeoRpFlYftda3pG7-Ea4avHu2A3fm4OrMrePrWqfraRgyaYJQMbJazGouPz_BElrqo49o5IZC9htjskdUpMeuMwWVlUE=s196-p-k-rw"",""https://lh3.googleusercontent.com/grass-cs/ANxoTn0c5kfymKWTbEIe19TMNCmVlPgQKZKcG-TkffuLeHIOMVx2tCm1RcUaM9zfUlMJUTtID3zUvgf56RFoyNtXYLwEWJ-109C7w0ZG_KEDSDz54rhQXmBlaGCdJX91gVJa4IFJrFRD-pW02yU=s196-p-k-rw""]",https://www.google.com/maps/contrib/100508979891488526869/reviews?hl=zh-Hant-TW
麻痹,5 個月前,3,已經回訪很多次也算不知道吃什麼就會選擇的愛店但今天態度異常的差人潮跟之前來訪時也偏少之前還能體諒是人潮過多較繁忙 已告知說不加酸菜和蔥 吃這麼多次第一次失誤點餐有二次確認不加 老實講每一次吃調味也都變蠻多有時候今天比較鹹會比較淡都可以接受 但真的沒辦法接受蔥 今天感受真的差到我覺得需要留一下😋,"[""https://lh3.googleusercontent.com/grass-cs/ANxoTn3ktvxj8g4aCB76cyDQ8xcOnVwjAhDOXGrddUfVN-YCBc0owVlyQmcDEmVlfnpKvq_oJ18OpZbPJTUly9nYkWmTvhDVtUmZxXYG1dzqcue1EnFRqw0r3MOzq71WtiLnTWQZspLpTJvp-yE=s196-p-k-rw""]",https://www.google.com/maps/contrib/112120983683609674027/reviews?hl=zh-Hant-TW
楊喬渝,9 個月前,4,營業到粉晚，適合晚吃的人，生意好，要現場候位，用餐時間至少要等20分鐘以上，價格中等，飲料非常大杯，好喝！麵點普普，屬於粗麵條，偏辣！米血有點硬，不推，炸雞肉條好吃必點！非常酥脆！缺點二樓冷氣不夠涼！建議改善！,"[""https://lh3.googleusercontent.com/grass-cs/ANxoTn2GG1Rpv-XaKbk3U5wuqWd813_kwyO5Rr-qpG8Q2w4iwhsdYWcBA04iLEjQmELxRdWfN110iKylO-mszv9fs9IM5iSjdXX_6pAlrAlkNfu1-4k5bKHXniiDqmljoQLPeya_RyJQkfdHJoIl=s196-p-k-rw"",""https://lh3.googleusercontent.com/grass-cs/ANxoTn0a7z8_-6l-oqIYf3M4rANvES4z2OoEFH3_UIMFN4Q8ED4CvN8p4K0R0hla3SdTeGyaODf4zv7lTaJEU5qzX1xeM57TTwirJFNW0sllB2W3Tp5hCYOloAytgyq4-br7Vdo85VDd0BXkLjIE=s196-p-k-rw"",""https://lh3.googleusercontent.com/grass-cs/ANxoTn2ES7F8IzQpC3sl_WTY8Y7a5MqBZeuSnKBPH0IAPv8LDykYKqrVabnG1rM9grXLbvWUXX_rS2VI803mtQc9f7RpVjswswGsHd4ZNw5iICOWik9U-q2QFpZaIz8Y9xUmg7qocxqbqP92qhC_=s196-p-k-rw"",""https://lh3.googleusercontent.com/grass-cs/ANxoTn1GrzRVA_HECvEEj-TL0c9kuRg6Lj7tFOXPfVAfVH3rfpy-1HvAYPRSlxhVTyJaUAQ7rEkoGAj_jaN0rOcn91uGvxohGMdxHXkBnitt5beMxB4T5ZTYtbPMtXATJYSqpdMIrUcW30l_iis=s196-p-k-rw"",""https://lh3.googleusercontent.com/grass-cs/ANxoTn1Weq5dybuHOZC2OWtjGOSLFh5fVPwsgY8Bi80gkGY9ztfJvocK9CHXHLPFQDGXQWQ9Am6MBHTTf8ne_U-Y2vOUPklNyPto8IaloCMNP3nXcpDnvDrI8WYLRuUddLCJNhGyJhg1KYOqKKR0=s196-p-k-rw"",""https://lh3.googleusercontent.com/grass-cs/ANxoTn293jY3bpsxcXextvcyuqidwSAQ8yPP8HGstWfok2q7GoCbZ4Y2HD16jcznx0y8RAW2IsxPOjY6Z9VjDuhmF-bZFhdhDHEfMfK--3TuLcEVBJ_BHI7upU6AoP90LJu1_rM19jV0FTk6No7X=s196-p-k-rw"",""https://lh3.googleusercontent.com/grass-cs/ANxoTn0Pw0eHI0oBzxoCU-q4bmAvQ6B8ROugk16yCLsYozH9dL_PzNTPvZemx0jGHGJ34_XLuYmXy8J4D3jzV2t3Y7yCNE5wkPeba9gZRHBF-I6d4PduSZW04xTzcK1G8A6CCBbVNznCb4lcr98=s196-p-k-rw""]",https://www.google.com/maps/contrib/109828627153853983675/reviews?hl=zh-Hant-TW
mmchoco,11 個月前,4,店門口有一排機車停車位，還蠻好停車的。店舖由老屋改建重新裝潢，空間明亮，食材品項多，還有賣飲料。人潮絡繹不絕，店家也有規劃排隊的SOP，外帶不用等可以直接夾菜結帳，內用要先到最裡面的本子登記。,"[""https://lh3.googleusercontent.com/grass-cs/ANxoTn3nQzOUBd0ycCLxtAniHE6VL4uj3nptx6af0c62tqhx4SJZ6G3yUUDf-l2E3qTVA0bm95lES3qh3hB1BJX388BOE9k9pKI7Mnrmk8m_NcGXgouk9THu72r4pyBzOEGjVgN2eVia27vJFD-I=s196-p-k-rw"",""https://lh3.googleusercontent.com/grass-cs/ANxoTn2TS6c3-Pw96eIrFyRqimuDjJQy4pgQw2ITdKU7duvkwg89R-MZAm2CEGmfAvZ9yWGXWlbn0eXtFfuJQcgoe6m8nBA1ANK5M4Op4f-d8qr57AM4ghSUoPO1S-SswivHQycXg_s10LkZKkCq=s196-p-k-rw"",""https://lh3.googleusercontent.com/grass-cs/ANxoTn3UQ_fjXSBOerMXqUmEzbAL6EHdTarX99mFaZpjV3MaN95d_KnbctzdWFZOkqFG6QW1VQNday19kDvmZb8r8PFoHyeFmNMQ6lwjqTosVGj6fZzqvu3EWbVFIbtLHg67tS4qRfu_XMIJDi-b=s196-p-k-rw"",""https://lh3.googleusercontent.com/grass-cs/ANxoTn0oajZ_T1cIoPvUaOYb35-33uhSTA3mlWErGEi0g2iwcQAwcVvr9zDLXV6Rcr9kVoO8iKxFwb77EzbGjBLJI0dqQU13au7ne1EKm2TkBrxpU7XIrUGmlpSBiwSdOGDatDmpztk6ZrLwq4c=s196-p-k-rw"",""https://lh3.googleusercontent.com/grass-cs/ANxoTn139bs1Y2yU4FlCkD0-8iOtJsAQHR9L1txtD5zboP4PW4fdGSyb8S5bWa_yJAi-Bbo2ewlltmP8LgsXaALSMtO58X8N0CPsyp_dxNAZ6W-vnl9yIoPZcuW3SseyeBUzMpEo9E4vcs9lxIA=s196-p-k-rw"",""https://lh3.googleusercontent.com/grass-cs/ANxoTn1xeWsHqG_apCBxJ-C8BPZkIR8N1Sqb-LwNVav38YuO6s4ag9RmQ1ENBJufDFhHs05JSHdo5wmCcv-89llI8r-Ya0S3Yq13BvJxuWJeEuiMx7kAAoll9hYXLE-KzFZln-xeWBmF5PBnwZvA=s196-p-k-rw"",""https://lh3.googleusercontent.com/grass-cs/ANxoTn10c-u0nBsDXi3GzEVs0yi7GKC1lOULPUggNwp8cFn1_rq-qf2SC7JjdAF72Br08oMMnbU99DjxbYQGJ7zNx5KHVFjIrfdZijwEGcDfRZp_62xe4ZoS9vJavuxup_l2i7lvSGsr1FUBrefx=s196-p-k-rw"",""https://lh3.googleusercontent.com/grass-cs/ANxoTn0vfCMgqk8jlYva2AwdYi0jvz1x0kKtinusDPSWnnoyQIHHDcfaiohH1C64Vx2blbzPL78XPmol7xvbRL55eXb-B52AJA6CtGujZVQ2VqGX_Ku8BKPOxozEMwKUOdOFwd48LusOFN4xtCVp=s196-p-k-rw"",""https://lh3.googleusercontent.com/grass-cs/ANxoTn00oAlnJYs0K7RbcNHlPhm4ySLx8hLnXYVjC2VVHcCQkAmyoglGmmzdZ6NLsGucqkmMREzpSzF-VZCRBQJU74CpGePLu2Y-7zBpNZ4oSxNl28YDYvCxJ_J1wmw7h09UDpldy5Q4V_GvCgCz=s196-p-k-rw"",""https://lh3.googleusercontent.com/grass-cs/ANxoTn3ENoFZA70__XPQsRgV3qR9y_eeJ6lYVU2-5Cg7tzQWYmXJhLjkA_evNTDRK1TIySPjxIKfcR6pBNbdU7czU1l153XAb_4jE-raMi8TA308gJUORlejZKP3BCEDP6I6RcJuEJGsea60grFT=s196-p-k-rw"",""https://lh3.googleusercontent.com/grass-cs/ANxoTn1xV4FkS_kIc_K6vgE7XfTtK88LINgP15lrXP8b3b9VjHYjkRdT_tVePgWZ8__-mlppmwJH-cgEeEBtpcompxfJ2dNvFXzY_70sF7niHSoGwgLl6bCxUYr0ubeStHW1qcobMC1AI6FlQ16R=s196-p-k-rw"",""https://lh3.googleusercontent.com/grass-cs/ANxoTn3owJxHKl0nMisfIQ7JpRB6OzoRtIsxV4DxDUVa_TRF3l9aBJXjRfaxsj8CeX9_1WFdmo93aPsh07vKD9WQIke_Mr3GUrQRKr66muCt2xS-Lfb9So3eJCvwWN-oP2KNSlFJA40mUz8Ky2Tq=s196-p-k-rw"",""https://lh3.googleusercontent.com/grass-cs/ANxoTn1esI8qxKhS3lBJLnxuafsEXCpLn954Us2XINHW0Jb5VrLw1EAdzx1I_iWxNK7u8-aNs-mpXql3DbMZtap3pJQn50xqsl3O5BGoZWZJylTgYtnNWjUZMmSADQ0AZNuGyZh_CHSG17CNb_Cb=s196-p-k-rw"",""https://lh3.googleusercontent.com/grass-cs/ANxoTn3kDoWu1Y8iy73WjrViSOTnnecFRs7R-IAzLI3wUzJt7e6iaHHxjBr-J2oE9Pb0mEiSkZObTB7rFnmhzytny4ZJlXa0YPEypwjhREr7iKYPZZe6amHPJSLU3Eonfv_GFfNG-L8h0AY_a1bS=s196-p-k-rw"",""https://lh3.googleusercontent.com/grass-cs/ANxoTn3qbfYVy5cMLaF3RM4-xyVdhiO8OP1C_1n-aFKDxnUlnKo6zNSavbe3AchhBHcJ0czAMTFAH2hgceqVPhKYaI2dkphh5Cx_88zC6bLnOF15NhDJjQQ2LWd3FKACXXIaA26fkxWIOLCaHwsV=s196-p-k-rw""]",https://www.google.com/maps/contrib/112952935337358033748/reviews?hl=zh-Hant-TW